,original feature set,reduced feature set
L1 distance measure (%),0.8125,0.7870370370370371
L2 distance measure (%),0.7708333333333334,0.8009259259259259
cosine distance measure (%),0.7662037037037037,0.8541666666666666
